track_id,track_name,album,album_id,artists,artist_ids,track_number,disc_number,explicit,danceability,energy,key,loudness,mode,speechiness,acousticness,instrumentalness,liveness,valence,tempo,duration_ms,time_signature,year,release_date,liked
1wsRitfRRtWyEapl0q22o8,Guerrilla Radio,The Battle Of Los Angeles,2eia0myWFgoHuttJytCxgX,['Rage Against The Machine'],['2d0hyoQ5ynDBnkvAbJKORj'],2,1,True,0.599,0.957,11,-5.763999999999999,1,0.188,0.0129,7.06e-05,0.155,0.489,103.68,206200,4.0,1999,1999-11-02,0
1MQTmpYOZ6fcMQc56Hdo7T,Sleep Now In the Fire,The Battle Of Los Angeles,2eia0myWFgoHuttJytCxgX,['Rage Against The Machine'],['2d0hyoQ5ynDBnkvAbJKORj'],5,1,False,0.426,0.929,2,-6.729,1,0.0701,0.00162,0.105,0.0789,0.539,127.059,205600,4.0,1999,1999-11-02,1
79pY2Z5eFvXMt9bSdHLrnA,I Am Mine,Riot Act,7AOWw68DEPnDmTpquZw8bG,['Pearl Jam'],['1w5Kfo2jwwIPruYS2UWh56'],6,1,False,0.3229999999999999,0.728,7,-5.416,1,0.0321,0.00394,0.0004469999999999,0.102,0.489,161.586,215333,3.0,2002,2002-11-08,0
0S3gpZzlT9Hb7CCSV2owX7,"Mama, I'm Coming Home",No More Tears (Expanded Edition),6eh82ojicL8RSJF7GkYTh7,['Ozzy Osbourne'],['6ZLTlhejhndI4Rh53vYhrY'],3,1,False,0.282,0.6559999999999999,8,-6.557,1,0.0302,0.0105,0.0,0.0892,0.242,139.352,251867,4.0,1991,1991-09-17,0
0AU54nX4FploMXKmfRLuld,"All Along the Watchtower - Live at Central Park, New York, NY - September 2003",The Central Park Concert,3WRYcYhVXtclxzqbSmNyZK,['Dave Matthews Band'],['2TI7qyDE0QfyOlnbtfDo7L'],5,3,False,0.349,0.901,0,-7.463999999999999,1,0.0636,0.00164,0.00742,0.985,0.0941,104.48,779453,4.0,2003,2003-11-18,0
2R6BL25Q3uxUY7y98IHTLU,Good Love Is On the Way - Live In Concert,TRY!,0X9bvQYYtrAYdkO4OKtYwz,['John Mayer Trio'],['68xuC1qXRhCUvGd4SSM655'],2,1,False,0.4370000000000001,0.812,2,-7.12,1,0.0327,0.00897,0.0061,0.1639999999999999,0.498,90.507,290600,4.0,2005,2005-09-19,1
0FRoVng8IZZoS0ATxIgvuH,Gravity - Live In Concert,TRY!,0X9bvQYYtrAYdkO4OKtYwz,['John Mayer Trio'],['68xuC1qXRhCUvGd4SSM655'],4,1,False,0.5429999999999999,0.344,7,-9.599,1,0.035,0.6729999999999999,0.00329,0.813,0.477,115.281,349253,3.0,2005,2005-09-19,0
2y1lBT2HdDaiF9ZftXAs9n,Out of My Mind - Live In Concert,TRY!,0X9bvQYYtrAYdkO4OKtYwz,['John Mayer Trio'],['68xuC1qXRhCUvGd4SSM655'],6,1,False,0.496,0.364,7,-10.579,1,0.0439,0.6779999999999999,0.175,0.351,0.2769999999999999,96.356,459200,3.0,2005,2005-09-19,0
4OZtDR79Lwz1DblkJffzf3,Try - Live In Concert,TRY!,0X9bvQYYtrAYdkO4OKtYwz,['John Mayer Trio'],['68xuC1qXRhCUvGd4SSM655'],11,1,False,0.405,0.911,7,-6.8420000000000005,0,0.0561,0.346,0.0687,0.695,0.306,118.461,413293,4.0,2005,2005-09-19,0
6tsojOQ5wHaIjKqIryLZK6,All My Life,One By One (Expanded Edition),1zQ6F8gMagKcPL4SoA80cx,['Foo Fighters'],['7jy3rLJdDQY21OgRLCZ9sD'],1,1,False,0.5770000000000001,0.604,5,-5.702999999999999,1,0.0495,0.000218,0.000579,0.477,0.637,167.71900000000005,263440,4.0,2002,2002-10-22,1
67vYdAAM3oGsEImCRfbtsF,Times Like These,One By One (Expanded Edition),1zQ6F8gMagKcPL4SoA80cx,['Foo Fighters'],['7jy3rLJdDQY21OgRLCZ9sD'],4,1,False,0.376,0.908,4,-3.793,0,0.0879,1.4e-05,1.4e-05,0.241,0.266,144.58100000000005,265560,4.0,2002,2002-10-22,0
1tji8uIdXkRT26XKI1MIaS,Yesterday Shutting Down,The Bittersweet,6dfLInyaFDkKGPmaUQ43Aq,['David Ryan Harris'],['3wnsAakCkhyU3yKQYMZmGo'],7,1,False,0.584,0.685,1,-8.455,1,0.0881,0.3429999999999999,0.0,0.0939,0.57,163.389,272417,4.0,2006,2006-01-01,0
3bE5slaVEfaDreqARl6k4M,Yellow Ledbetter,Jeremy,1WJ3UbOi2QYGuRgXCc9FIV,['Pearl Jam'],['1w5Kfo2jwwIPruYS2UWh56'],3,1,False,0.504,0.354,4,-11.3,1,0.0339,0.29,4.71e-06,0.157,0.292,140.87,303587,4.0,1991,1991,0
7x8dCjCr0x6x2lXKujYD34,The Pretender,"Echoes, Silence, Patience & Grace",3ilXDEG0xiajK8AbqboeJz,['Foo Fighters'],['7jy3rLJdDQY21OgRLCZ9sD'],1,1,False,0.433,0.959,9,-4.04,1,0.0431,0.000917,0.0,0.0279999999999999,0.365,172.984,269373,4.0,2007,2007-09-25,0
1IdTIzkTK6CcpKKgMUGbg7,Vultures,Continuum,1Xsprdt1q9rOzTic7b9zYM,['John Mayer'],['0hEurMDQu99nJRq8pTxO14'],6,1,False,0.882,0.478,4,-10.386,1,0.0304,0.476,0.00581,0.0737,0.802,97.81,250840,4.0,2006,2006-09-11,0
2jdAk8ATWIL3dwT47XpRfu,Slow Dancing in a Burning Room,Continuum,1Xsprdt1q9rOzTic7b9zYM,['John Mayer'],['0hEurMDQu99nJRq8pTxO14'],8,1,False,0.6679999999999999,0.361,1,-8.69,0,0.0273,0.573,0.00506,0.0805,0.288,134.15,242000,5.0,2006,2006-09-11,1
3MlTmlmooUijgyJJswZfm1,Hoje Eu Quero Sair Só,O Dia Em Que Faremos Contato,0CdDZVvdv7OJ5e2xMj5jmO,['Lenine'],['4YLBdrR3DVSMncm785NH6C'],2,1,False,0.773,0.5489999999999999,7,-10.091,1,0.0424,0.222,0.000986,0.106,0.7070000000000001,94.014,338387,4.0,1997,1997,0
6weAJYgtmoJeRObdOHxqxi,You Know What I Mean,Blow By Blow,6fhTDVBs7qeoP3254hMu6u,['Jeff Beck'],['0AD4odMWVQ2wUSlgxOB5Rl'],1,1,False,0.6709999999999999,0.669,2,-8.144,1,0.0687,0.046,0.892,0.0712,0.971,100.792,245600,4.0,1975,1975-03-29,0
4FNVmJmwFsrayTvjUk1eG0,"Bartender - Live at Radio City Music Hall, New York, NY - April 2007",Live At Radio City,1t89f8EDdWRWhHpp6OOmtP,"['Dave Matthews', 'Tim Reynolds']","['13vQloYd6mP7V1mVwKJwS2', '7rvkQK7ZqO34sKsWEXjz3R']",1,1,False,0.29,0.551,2,-8.115,1,0.0335,0.6779999999999999,6.15e-05,0.982,0.134,101.101,508427,1.0,2007,2007-08-14,0
58PSYdY0GFg0LFb2PxYk4T,Mannish Boy,King Of The Electric Blues,4fOVcN7X7vQ8L41is621uJ,['Muddy Waters'],['4y6J8jwRAwO4dssiSmN91R'],14,1,False,0.598,0.735,2,-10.882,1,0.0973,0.44,0.000215,0.6809999999999999,0.615,111.129,321133,3.0,1977,1977,1
1VNWaY3uNfoeWqb5U8x2QX,Lonely Day,Hypnotize,3QxX3NbWyLlLG6lP1xveL3,['System Of A Down'],['5eAWCfyUhZtHHtBdNk56l1'],11,1,False,0.47,0.7959999999999999,8,-3.277,0,0.0336,0.362,1.11e-06,0.133,0.215,113.108,167907,3.0,2005,2005-11-22,0
3nenus1phfZrVUeKJxsiDE,Miss Madison,Real Life .:.High Fidelity,71w5yv26R3yqlxpDs1KqWh,['Phat Phunktion'],['3afwdwY97SMtIdnUsPTpQT'],8,1,False,0.8220000000000001,0.653,1,-5.495,1,0.1119999999999999,0.21,0.000712,0.0433,0.687,88.95700000000002,210160,4.0,2011,2011-07-28,0
1uzVvumt4H6CIxVXlkNdlz,Don't Drink the Water,Before These Crowded Streets,6dNOe4WqRfhanMyxy9D6kH,['Dave Matthews Band'],['2TI7qyDE0QfyOlnbtfDo7L'],4,1,False,0.391,0.81,2,-4.96,1,0.0941,0.132,7.09e-06,0.281,0.3989999999999999,166.007,421440,4.0,1998,1998-04-28,0
2prt7Yn1NheVqcNcpoplSp,Stay (Wasting Time),Before These Crowded Streets,6dNOe4WqRfhanMyxy9D6kH,['Dave Matthews Band'],['2TI7qyDE0QfyOlnbtfDo7L'],5,1,False,0.5379999999999999,0.93,8,-5.2410000000000005,1,0.0824,0.0993,3.13e-06,0.122,0.615,108.573,335110,4.0,1998,1998-04-28,0
5CMjjywI0eZMixPeqNd75R,Lose Yourself to Dance (feat. Pharrell Williams),Random Access Memories,4m2880jivSbbyEGAKfITCa,"['Daft Punk', 'Pharrell Williams']","['4tZwfgrHOc3mvqYlEYSvVi', '2RdwBSPQiwcmiDo9kixcl8']",6,1,False,0.8320000000000001,0.659,10,-7.8279999999999985,0,0.057,0.0839,0.00114,0.0753,0.674,100.163,353893,4.0,2013,2013-05-17,0
0k1xMUwn9sb7bZiqdT9ygx,Beyond,Random Access Memories,4m2880jivSbbyEGAKfITCa,['Daft Punk'],['4tZwfgrHOc3mvqYlEYSvVi'],9,1,False,0.716,0.648,8,-11.33,0,0.0337,0.3670000000000001,0.485,0.368,0.789,104.022,290240,4.0,2013,2013-05-17,0
0gmbgwZ8iqyMPmXefof8Yf,How You Remind Me,Silver Side Up,5fKL7vMTXvhR9tov8Kqt3u,['Nickelback'],['6deZN1bslXzeGvOLaLMOIF'],2,1,False,0.446,0.764,10,-5.042,1,0.033,0.00135,0.0,0.099,0.5429999999999999,172.09400000000005,223840,4.0,2001,2001-09-11,0
3arKRnq9OUd7yq6LRwVW8I,Soul to Squeeze,Greatest Hits,53tvjWbVNZKd3CvpENkzOC,['Red Hot Chili Peppers'],['0L8ExT028jH3ddEcZwqJJ5'],5,1,False,0.6629999999999999,0.546,5,-5.234,1,0.0269,0.0322,0.000572,0.107,0.6559999999999999,88.171,289533,4.0,2003,2003-11-18,0
3YuaBvuZqcwN3CEAyyoaei,Like a Stone,Audioslave,78guAsers0klWl6RwzgDLd,['Audioslave'],['2ziB7fzrXBoh1HUPS6sVFn'],5,1,False,0.614,0.568,7,-5.477,0,0.0276,0.00797,0.0,0.0997,0.516,107.849,293960,4.0,2002,2002-11-17,1
3bwAS8cN7Xtzvv5UurJOOX,I Am the Highway,Audioslave,78guAsers0klWl6RwzgDLd,['Audioslave'],['2ziB7fzrXBoh1HUPS6sVFn'],8,1,False,0.341,0.662,9,-5.023,0,0.0335,0.105,0.0,0.113,0.2,174.875,334907,4.0,2002,2002-11-17,1
5dRQUolXAVX3BbCiIxmSsf,Your Love,Super Hits,5FfkiNcXAvagExRCLd8nn4,['The Outfield'],['1zxDewzd2j1ZdSBGaYcr0y'],5,1,False,0.555,0.757,1,-7.8679999999999986,0,0.0601,0.103,1.16e-06,0.0631,0.5820000000000001,129.607,221840,4.0,1985,1985,1
2tUBqZG2AbRi7Q0BIrVrEj,I Wanna Dance with Somebody (Who Loves Me),Whitney,5Vdzprr5cOqXQo44eHeV7t,['Whitney Houston'],['6XpaIBNiVzIetEPCWDvAFP'],1,1,False,0.7090000000000001,0.8240000000000001,1,-8.824,1,0.0453,0.207,0.000307,0.0888,0.867,118.818,291293,4.0,1987,1987-06-02,0
5kr3j5Clb9rjEposoMyLVt,Welcome to Paradise,Dookie,4uG8q3GPuWHQlRbswMIRS6,['Green Day'],['7oPftvlwr6VrsViSDV7fJY'],5,1,False,0.37,0.96,3,-4.162,0,0.0378,0.000241,0.0116,0.0563,0.7170000000000001,89.428,224133,4.0,1994,1994-02-01,1
6L89mwZXSOwYl76YXfX13s,Basket Case,Dookie,4uG8q3GPuWHQlRbswMIRS6,['Green Day'],['7oPftvlwr6VrsViSDV7fJY'],7,1,False,0.442,0.943,3,-3.205,1,0.0602,0.00293,8.71e-06,0.091,0.7809999999999999,85.064,181533,4.0,1994,1994-02-01,1
1Dr1fXbc2IxaK1Mu8P8Khz,When I Come Around,Dookie,4uG8q3GPuWHQlRbswMIRS6,['Green Day'],['7oPftvlwr6VrsViSDV7fJY'],10,1,False,0.531,0.909,11,-4.2360000000000015,1,0.034,0.0175,0.0,0.231,0.8140000000000001,97.546,178000,4.0,1994,1994-02-01,1
1HQz5xSGE7aD1S4u5ZpWeA,When the World Ends,Everyday,3rSa8BooDEnGNEJevXOwgI,['Dave Matthews Band'],['2TI7qyDE0QfyOlnbtfDo7L'],2,1,False,0.494,0.7709999999999999,9,-6.178999999999999,0,0.0577,0.0409999999999999,0.0026,0.165,0.621,77.472,211000,4.0,2001,2001-02-27,0
65KzDXZm9aQt8sA1k0ZVG3,The Space Between,Everyday,3rSa8BooDEnGNEJevXOwgI,['Dave Matthews Band'],['2TI7qyDE0QfyOlnbtfDo7L'],3,1,False,0.406,0.73,9,-6.278,1,0.0315,0.0471,0.0,0.2289999999999999,0.207,170.032,242000,4.0,2001,2001-02-27,0
4UkejguW7NyNfcWl2r4fqV,Everyday,Everyday,3rSa8BooDEnGNEJevXOwgI,['Dave Matthews Band'],['2TI7qyDE0QfyOlnbtfDo7L'],12,1,False,0.556,0.8390000000000001,0,-5.785,1,0.0387,0.175,5.74e-06,0.513,0.527,92.98,283933,4.0,2001,2001-02-27,0
44wXefe8WB9Fd6xwtmAwbR,Monkey Wrench,The Colour And The Shape,30ly6F6Xl0TKmyBCU50Khv,['Foo Fighters'],['7jy3rLJdDQY21OgRLCZ9sD'],2,1,False,0.401,0.953,4,-4.276,1,0.0752,1.83e-05,2.56e-05,0.149,0.555,174.217,231480,4.0,1997,1997-05-20,1
0M5xRyxGpFFDfzN2x0wdpH,"Hey, Johnny Park!",The Colour And The Shape,30ly6F6Xl0TKmyBCU50Khv,['Foo Fighters'],['7jy3rLJdDQY21OgRLCZ9sD'],3,1,False,0.473,0.741,2,-5.299,1,0.0305,7.64e-05,0.00114,0.565,0.487,84.97399999999998,248267,4.0,1997,1997-05-20,0
4dVbhS6OiYvFikshyaQaCN,My Hero,The Colour And The Shape,30ly6F6Xl0TKmyBCU50Khv,['Foo Fighters'],['7jy3rLJdDQY21OgRLCZ9sD'],7,1,False,0.3979999999999999,0.927,9,-4.212,1,0.0567,6.2e-05,0.000177,0.0575,0.311,77.10600000000002,260027,4.0,1997,1997-05-20,1
5UWwZ5lm5PKu6eKsHAGxOk,Everlong,The Colour And The Shape,30ly6F6Xl0TKmyBCU50Khv,['Foo Fighters'],['7jy3rLJdDQY21OgRLCZ9sD'],11,1,False,0.413,0.8809999999999999,11,-5.541,0,0.0367,5.99e-05,0.000308,0.0805,0.364,158.066,250547,4.0,1997,1997-05-20,1
6QewNVIDKdSl8Y3ycuHIei,Even Flow,Ten,5B4PYA7wNN4WdEXdIJu58a,['Pearl Jam'],['1w5Kfo2jwwIPruYS2UWh56'],2,1,False,0.3939999999999999,0.944,10,-6.506,0,0.0761,0.00178,4.54e-06,0.298,0.265,105.338,292581,4.0,1991,1991-08-27,0
1L94M3KIu7QluZe63g64rv,Alive,Ten,5B4PYA7wNN4WdEXdIJu58a,['Pearl Jam'],['1w5Kfo2jwwIPruYS2UWh56'],3,1,False,0.284,0.875,11,-6.069,0,0.0422,0.00752,0.000461,0.402,0.595,75.009,340907,4.0,1991,1991-08-27,1
337kipThk7s7nHJ8POg1jK,Why Go,Ten,5B4PYA7wNN4WdEXdIJu58a,['Pearl Jam'],['1w5Kfo2jwwIPruYS2UWh56'],4,1,False,0.322,0.968,9,-5.59,1,0.106,0.00999,4.120000000000001e-05,0.445,0.316,115.565,200039,4.0,1991,1991-08-27,0
62nQ8UZVqR2RMvkJHkcO2o,Jeremy,Ten,5B4PYA7wNN4WdEXdIJu58a,['Pearl Jam'],['1w5Kfo2jwwIPruYS2UWh56'],6,1,False,0.285,0.846,2,-6.472,1,0.0438,0.0404,0.0,0.182,0.287,108.808,318227,4.0,1991,1991-08-27,0
2oaK4JLVnmRGIO9ytBE1bt,Dark Necessities,The Getaway,43otFXrY0bgaq5fB3GrZj6,['Red Hot Chili Peppers'],['0L8ExT028jH3ddEcZwqJJ5'],2,1,False,0.7,0.742,5,-6.777,0,0.0716,0.0722,0.0199,0.11,0.1969999999999999,91.959,302000,4.0,2016,2016-06-17,0
0pjCkLjbgSLn5c0Ilwuv8z,The Longest Wave,The Getaway,43otFXrY0bgaq5fB3GrZj6,['Red Hot Chili Peppers'],['0L8ExT028jH3ddEcZwqJJ5'],4,1,False,0.476,0.511,8,-6.25,1,0.0324,0.319,0.000129,0.119,0.3389999999999999,148.158,211520,4.0,2016,2016-06-17,0
2XTkpF9T2PKvcLgamGJGx1,Goodbye Angels,The Getaway,43otFXrY0bgaq5fB3GrZj6,['Red Hot Chili Peppers'],['0L8ExT028jH3ddEcZwqJJ5'],5,1,False,0.365,0.804,9,-5.9220000000000015,0,0.105,0.104,6.579999999999999e-05,0.15,0.5770000000000001,171.597,268733,4.0,2016,2016-06-17,0
6GsP3uMCd0Dn5T37C93waZ,Sick Love,The Getaway,43otFXrY0bgaq5fB3GrZj6,['Red Hot Chili Peppers'],['0L8ExT028jH3ddEcZwqJJ5'],6,1,False,0.591,0.794,4,-5.935,0,0.069,0.183,0.0,0.292,0.875,147.974,221440,4.0,2016,2016-06-17,0
0dIipTYASaFwX1QxVrVFV7,Do the Evolution,Yield,5zsDtoSrXK4usJ4MB1tCh2,['Pearl Jam'],['1w5Kfo2jwwIPruYS2UWh56'],7,1,False,0.466,0.981,10,-5.011,1,0.063,0.00041,0.0108,0.0673,0.325,140.643,231253,4.0,1998,1998-02-17,0
2EzaNI2kE2AoBfJ8mRZLSJ,Animal (Remastered),Vs.,3BSOiAas8BpJOii3kCPyjV,['Pearl Jam'],['1w5Kfo2jwwIPruYS2UWh56'],2,1,False,0.493,0.955,7,-4.985,1,0.0628,7.52e-05,3.11e-06,0.0495,0.473,106.088,167520,4.0,1993,1993-10-19,0
2WfaOiMkCvy7F5fcp2zZ8L,Take on Me,Hunting High and Low,1ER3B6zev5JEAaqhnyyfbf,['a-ha'],['2jzc5TC5TVFLXQlBNiIUzE'],1,1,False,0.573,0.902,6,-7.638,0,0.054,0.018,0.00125,0.0928,0.8759999999999999,84.412,225280,4.0,1985,1985-06-01,0
1huWqmpiYksaPppQHLDhZP,Outside Of This Town,Kingfish,6fCDiY92JVAorr6HrKStRH,"['Christone ""Kingfish"" Ingram']",['5jMGnqJkgPaiJzwy5bOcYX'],1,1,False,0.418,0.866,11,-4.033,0,0.0513,0.00381,0.00159,0.581,0.643,130.192,248036,4.0,2019,2019-05-17,0
31dqpLUModJWNbxrXu6TWd,Shot in the Dark,The Ultimate Sin,2IPIumpbhrtBvjyzIgGE9j,['Ozzy Osbourne'],['6ZLTlhejhndI4Rh53vYhrY'],9,1,False,0.581,0.7909999999999999,6,-7.262,1,0.0324,0.00835,6.02e-05,0.142,0.619,123.887,256293,3.0,1986,1986-02-22,0
0KEhlgtlk0HuqBIqfGCGdF,State of Love and Trust,Singles - Original Motion Picture Soundtrack,58BEJ01sL8wK5LV3TPyngC,['Pearl Jam'],['1w5Kfo2jwwIPruYS2UWh56'],8,1,False,0.326,0.894,9,-9.558,0,0.0443,0.00035,0.0,0.435,0.664,165.19299999999996,227200,4.0,1992,1992-06-02,1
4YMQXzscifAREG0a7KNGhB,Black Magic Woman - Single Version,Santana's Greatest Hits,1YrdGK2y2Edq2R5gFja2ai,['Santana'],['6GI52t8N5F02MxU0g5U69P'],6,1,False,0.489,0.349,2,-14.295,0,0.0323,0.6759999999999999,0.0789,0.0866,0.622,124.348,196467,4.0,1969,1969,1
2aoo2jlRnM3A0NyLQqMN2f,All Along the Watchtower,Electric Ladyland,5z090LQztiqh13wYspQvKQ,['Jimi Hendrix'],['776Uo845nYHJpNaStv1Ds4'],15,1,False,0.4379999999999999,0.805,8,-6.237,1,0.0624,0.00255,5.69e-05,0.0842,0.564,113.253,240800,4.0,1968,1968-10-25,1
2B98ljvzqpCVgt5reTHq28,Better Man,Vitalogy,5pd9B3KQWKshHw4lnsSLNy,['Pearl Jam'],['1w5Kfo2jwwIPruYS2UWh56'],11,1,False,0.445,0.6709999999999999,2,-7.937,1,0.0387,0.165,1.56e-05,0.0791,0.267,125.712,268587,4.0,1994,1994-11-22,0
77NNZQSqzLNqh2A9JhLRkg,Don't Stop Believin',The Essential Journey,5pfpXvoJtSIFrbPIoBEv3R,['Journey'],['0rvjqX7ttXeg3mTy8Xscbt'],2,1,False,0.491,0.802,4,-7.106,1,0.0392,0.25,0.0,0.387,0.472,119.25,248907,4.0,2001,2001-09-19,1
2MKEQhvPb2VaJXjx5X8Yg6,No Way Back,In Your Honor,2eprpJCYbCbPZRKVGIEJxZ,['Foo Fighters'],['7jy3rLJdDQY21OgRLCZ9sD'],2,1,False,0.254,0.959,9,-3.447,1,0.0672,1.26e-05,7.31e-06,0.483,0.525,186.438,196573,4.0,2005,2005-06-14,0
5FZxsHWIvUsmSK1IAvm2pp,Best of You,In Your Honor,2eprpJCYbCbPZRKVGIEJxZ,['Foo Fighters'],['7jy3rLJdDQY21OgRLCZ9sD'],3,1,False,0.366,0.94,1,-5.119,0,0.0696,0.000769,9.42e-05,0.188,0.369,130.19799999999998,255627,4.0,2005,2005-06-14,1
5OQsiBsky2k2kDKy2bX2eT,Learn to Fly,There Is Nothing Left To Lose,28q2N44ocJECgf8sbHEDfY,['Foo Fighters'],['7jy3rLJdDQY21OgRLCZ9sD'],3,1,False,0.465,0.919,4,-4.025,1,0.0408,1.83e-05,2.07e-05,0.262,0.537,135.997,235293,4.0,1999,1999-11-02,1
69a3udBACapETLMsQaqm6i,Samurai Cop (Oh Joy Begin),Come Tomorrow,1Q6IYDePv0Dl8RXBnJ4jhy,['Dave Matthews Band'],['2TI7qyDE0QfyOlnbtfDo7L'],1,1,False,0.564,0.634,11,-4.998,1,0.0276,0.038,0.0,0.211,0.341,127.993,262240,4.0,2018,2018-06-08,0
1p0R5cAQaMh7lM5Zt3X67h,Here On Out,Come Tomorrow,1Q6IYDePv0Dl8RXBnJ4jhy,['Dave Matthews Band'],['2TI7qyDE0QfyOlnbtfDo7L'],3,1,False,0.474,0.287,2,-13.434,1,0.0311,0.866,7.730000000000001e-05,0.118,0.3279999999999999,160.05,198587,3.0,2018,2018-06-08,0
7EiOaCpj1RLKTYCPw5fQdi,Kind,Sunhead,5XGGmGk4hqRcpKMEeXwL7z,['Plini'],['3Gs10XJ4S4OEFrMRqZJcic'],1,1,False,0.612,0.7140000000000001,5,-6.896,0,0.0321,0.0564,0.873,0.0872,0.525,125.022,240000,4.0,2018,2018-07-27,1
7EI0LzrtgucQujRzDd0D3m,Salt + Charcoal,Sunhead,5XGGmGk4hqRcpKMEeXwL7z,['Plini'],['3Gs10XJ4S4OEFrMRqZJcic'],2,1,False,0.425,0.861,8,-6.919,1,0.0624,0.0693,0.833,0.121,0.345,129.876,270000,1.0,2018,2018-07-27,1
634A7WP6MPVkFJrSV1KnGm,Flâneur,Sunhead,5XGGmGk4hqRcpKMEeXwL7z,"['Plini', 'Anomalie']","['3Gs10XJ4S4OEFrMRqZJcic', '2ev6Cd0yJVCcpf2zezEQ8Z']",3,1,False,0.319,0.5710000000000001,10,-8.039,0,0.0425,0.033,0.69,0.113,0.522,82.59200000000001,360000,4.0,2018,2018-07-27,1
00xissXV4myrpRq24ObzLz,Sunhead,Sunhead,5XGGmGk4hqRcpKMEeXwL7z,['Plini'],['3Gs10XJ4S4OEFrMRqZJcic'],4,1,False,0.405,0.535,5,-7.099,0,0.0368,0.0421,0.8059999999999999,0.108,0.475,121.784,330000,1.0,2018,2018-07-27,1
6dmueYtoihUhlQZlImBCmm,Creep - 2017 Remaster,Core (Super Deluxe Edition),5kxuokOacguIqDJRh1ZXRC,['Stone Temple Pilots'],['2UazAtjfzqBF0Nho2awK4z'],7,1,False,0.662,0.485,4,-9.161,0,0.0304,0.00483,0.000295,0.086,0.171,107.767,334387,4.0,1992,1992-09-29,0
45zvStEMsXp8z45OQRhWFJ,American Idiot,American Idiot (Deluxe),5Qhn2FpGWmTjCuntF09j7g,['Green Day'],['7oPftvlwr6VrsViSDV7fJY'],1,1,True,0.381,0.984,1,-2.42,1,0.0638,2.53e-05,6.91e-05,0.27,0.81,186.081,174320,4.0,2004,2004-09-21,1
2jmBc2dTGXU9quHYTkpxSL,Circles,Morning View,1rQZbncicoXyB64DqoH7OY,['Incubus'],['3YcBF2ttyueytpXtEzn1Za'],2,1,False,0.3939999999999999,0.8190000000000001,10,-6.672999999999999,1,0.0401,7.04e-05,0.000111,0.0527,0.255,89.999,249373,4.0,2001,2001-10-23,0
4zzQfaoSLAQbfXm2wCsaT8,Come Tomorrow (feat. Brandi Carlile),Come Tomorrow (feat. Brandi Carlile),2s1IJaDlUlxmMaEtk4PtnT,"['Dave Matthews Band', 'Brandi Carlile']","['2TI7qyDE0QfyOlnbtfDo7L', '2sG4zTOLvjKG1PSoOyf5Ej']",1,1,False,0.461,0.813,9,-5.16,1,0.0422,0.311,0.000294,0.126,0.426,180.015,274599,4.0,2019,2019-06-14,0
0zZnBbRW4Dt4cJKVtUQFwF,Balada - Ao Vivo,Gusttavo Lima e Você (Ao Vivo),0JZWK7QhGa1Ir5IRLENyW6,['Gusttavo Lima'],['7MiDcPa6UiV3In7lIM71IN'],2,1,False,0.675,0.958,11,-4.208,0,0.0611,0.17,0.0,0.965,0.813,128.006,201840,4.0,2011,2011-09-20,0
30XUVaCG8ghAiE45SnXLhn,Out For Blood,Order In Decline,7j11BWRSLFBFUVR4EPG6WD,['Sum 41'],['0qT79UgT5tY4yudH9VfsdT'],2,1,False,0.5529999999999999,0.868,6,-4.186,0,0.048,7.35e-05,0.0359,0.0934,0.5,140.054,216571,4.0,2019,2019-07-19,0
0RO9W1xJoUEpq5MEelddFb,Stairway to Heaven - Remaster,Led Zeppelin IV (Remaster),5EyIDBAqhnlkAHqvPRwdbX,['Led Zeppelin'],['36QJpDe2go2KgaRleHCDTp'],4,1,False,0.3379999999999999,0.34,9,-12.049,0,0.0339,0.58,0.0032,0.1159999999999999,0.1969999999999999,82.43299999999998,482830,4.0,1971,1971-11-08,1
3qT4bUD1MaWpGrTwcvguhb,Black Dog - Remaster,Led Zeppelin IV (Deluxe Edition),44Ig8dzqOkvkGDzaUof9lK,['Led Zeppelin'],['36QJpDe2go2KgaRleHCDTp'],1,1,False,0.4370000000000001,0.8640000000000001,4,-7.842,0,0.0904,0.396,0.0314,0.242,0.7490000000000001,81.39399999999998,295387,4.0,1971,1971-11-08,1
7N3PAbqfTjSEU1edb2tY8j,Jump - 2015 Remaster,1984 (Remastered),3REUXdj5OPKhuDTrTtCBU0,['Van Halen'],['2cnMpRsOVqtPMfq7YiFE6K'],2,1,False,0.5720000000000001,0.835,0,-6.218999999999999,1,0.0317,0.171,0.000376,0.0702,0.7959999999999999,129.994,241600,4.0,1984,1984-01-04,1
05RgAMGypEvqhNs5hPCbMS,Panama - 2015 Remaster,1984 (Remastered),3REUXdj5OPKhuDTrTtCBU0,['Van Halen'],['2cnMpRsOVqtPMfq7YiFE6K'],3,1,False,0.527,0.978,8,-5.436,1,0.109,0.00124,4.75e-05,0.0744,0.4629999999999999,141.16899999999995,210227,4.0,1984,1984-01-04,1
1Z7DlH9AeV59TyD0LQTvNi,Cautious,Peach Club,5QJllrmYgOY5k5qWegblAX,['Emarosa'],['68tKVjVvcqUfKFFLr2j0Ek'],3,1,False,0.535,0.91,10,-4.26,1,0.0511,0.0139999999999999,1e-06,0.0698,0.528,89.985,195133,4.0,2019,2019-02-08,0
2PXeCxg47XlG3Vj4FXBPLU,So Bad,Peach Club,5QJllrmYgOY5k5qWegblAX,['Emarosa'],['68tKVjVvcqUfKFFLr2j0Ek'],5,1,False,0.731,0.872,9,-4.166,1,0.0403,0.00709,0.0,0.0315,0.7509999999999999,129.98,209853,4.0,2019,2019-02-08,0
2zYzyRzz6pRmhPzyfMEC8s,Highway to Hell,Highway to Hell,10v912xgTZbjAtYfyKWJCS,['AC/DC'],['711MCceyCBcFnzjGY4Q7Un'],1,1,False,0.574,0.913,6,-4.793,0,0.133,0.061,0.00158,0.156,0.423,115.728,208400,4.0,1979,1979-07-27,1
3vwBYoGucbkHtlDHzXqfLG,Come Together,Kitsch Funk,5aFCLQhcz58nfwlPqO0bek,"['Scary Pockets', 'Mario Jose']","['1e16kiJQtCTveTl7TQnkFN', '7jnbFTMmtEZPT4ywFrvaMa']",6,1,False,0.898,0.3829999999999999,9,-5.2570000000000014,0,0.0472,0.0848,0.0,0.0938,0.923,101.219,163000,4.0,2018,2018-03-02,0
3NeiYiBn3rQBgurfVk92Zm,Humility (feat. George Benson),The Now Now,1amYhlukNF8WdaQC3gKkgL,"['Gorillaz', 'George Benson']","['3AA28KZvwAUcZuOKwyblJQ', '4N8BwYTEC6XqykGvXXlmfv']",1,1,False,0.632,0.807,0,-5.893,1,0.126,0.144,0.0211,0.125,0.784,160.174,197933,4.0,2018,2018-06-29,0
1ZdhOMWyFR8Iv9eylMGYg2,Mount Everest,Imagination & the Misfit Kid,0FSsRH1jeZqKbGcHwq3UO0,['Labrinth'],['2feDdbD5araYcm6JhFHHw7'],13,1,True,0.494,0.428,0,-7.239,0,0.203,0.233,0.0752,0.0816,0.441,87.723,157497,4.0,2019,2019-11-22,0
1pXgBjIvALm97lDhroan2E,Times Like These - Acoustic Version,00020225,69GTpu2TQvWQNOjhIVyzRL,['Foo Fighters'],['7jy3rLJdDQY21OgRLCZ9sD'],7,1,False,0.588,0.5589999999999999,4,-4.849,0,0.0272,0.128,0.0,0.0977,0.278,123.845,238587,4.0,2019,2019-10-18,1
4sNG6zQBmtq7M8aeeKJRMQ,Brazil,What Do You Think About the Car?,3HJiLDJgWA9Z0MvCxlzHYQ,['Declan McKenna'],['2D4FOOOtWycb3Aw9nY5n3c'],2,1,False,0.687,0.617,4,-5.212999999999999,1,0.0287,0.0941,1.32e-05,0.0898,0.665,121.08,252307,4.0,2017,2017-07-21,0
1Vej0qeQ3ioKwpI6FUbRv1,Papercut,Hybrid Theory (Bonus Edition),6hPkbAV3ZXpGZBGUvL6jVM,['Linkin Park'],['6XyY86QOPPrYVGvF9ch6wz'],1,1,False,0.524,0.939,9,-3.994,1,0.113,0.00022,0.0,0.623,0.6609999999999999,150.184,184867,4.0,2000,2000-10-24,0
3K4HG9evC7dg3N0R9cYqk4,One Step Closer,Hybrid Theory (Bonus Edition),6hPkbAV3ZXpGZBGUvL6jVM,['Linkin Park'],['6XyY86QOPPrYVGvF9ch6wz'],2,1,False,0.4920000000000001,0.969,9,-4.419,1,0.0491,0.0014,1.32e-06,0.0787,0.5379999999999999,95.136,157333,4.0,2000,2000-10-24,1
60a0Rd6pjrkxjPbaKzXjfq,In the End,Hybrid Theory (Bonus Edition),6hPkbAV3ZXpGZBGUvL6jVM,['Linkin Park'],['6XyY86QOPPrYVGvF9ch6wz'],8,1,False,0.556,0.8640000000000001,3,-5.87,0,0.0584,0.00958,0.0,0.209,0.4,105.143,216880,4.0,2000,2000-10-24,1
0Tr5G2mE56eLUGvCaXRM8I,No Good,A/B,4he4SQup02hEIQdwhZlZlk,['KALEO'],['7jdFEYD2LTYjfwxOdlVjmc'],1,1,False,0.3779999999999999,0.925,9,-3.781,1,0.185,0.0234,0.00062,0.18,0.584,108.525,234240,4.0,2016,2016-06-10,0
2lxq02Zit1kI8S0THAYkAZ,I Don't Know,Blizzard Of Ozz (40th Anniversary Expanded Edition),4qUMByJ3Pk94BFnCmGaUPS,['Ozzy Osbourne'],['6ZLTlhejhndI4Rh53vYhrY'],1,1,False,0.433,0.911,2,-5.497000000000001,1,0.179,0.3939999999999999,2.32e-06,0.1159999999999999,0.253,135.002,315215,4.0,2020,2020-09-18,0
7ACxUo21jtTHzy7ZEV56vU,Crazy Train,Blizzard Of Ozz (40th Anniversary Expanded Edition),4qUMByJ3Pk94BFnCmGaUPS,['Ozzy Osbourne'],['6ZLTlhejhndI4Rh53vYhrY'],2,1,False,0.4539999999999999,0.913,9,-4.008,1,0.107,0.408,0.000271,0.248,0.521,137.688,293183,4.0,2020,2020-09-18,1
2ov8L95QD25TLpZAZPYWXL,Mr. Crowley,Blizzard Of Ozz (40th Anniversary Expanded Edition),4qUMByJ3Pk94BFnCmGaUPS,['Ozzy Osbourne'],['6ZLTlhejhndI4Rh53vYhrY'],6,1,False,0.307,0.748,2,-6.513999999999999,0,0.0568,0.212,0.000153,0.368,0.347,108.227,302648,4.0,2020,2020-09-18,0
2nLtzopw4rPReszdYBJU6h,Numb,Meteora,4Gfnly5CzMJQqkUFfoHaP3,['Linkin Park'],['6XyY86QOPPrYVGvF9ch6wz'],13,1,False,0.496,0.863,9,-4.1530000000000005,1,0.0381,0.0046,0.0,0.639,0.243,110.018,185587,4.0,2003,2003-03-24,0
2tAeN2TKlQLOoSPXtARzBV,Eruption - 2015 Remaster,Van Halen (Remastered),7DdEbYFPKTZ8KB4z6L4UnQ,['Van Halen'],['2cnMpRsOVqtPMfq7YiFE6K'],2,1,False,0.225,0.6890000000000001,8,-9.12,1,0.0555,0.469,0.813,0.337,0.5,93.798,102080,4.0,1978,1978-02-10,0
18O00Y7yrkJ0pRXm1n21Og,Eleven (feat. Summer Walker),Eleven (feat. Summer Walker),27JROxwlU2KnOg1Kgp8Wak,"['Khalid', 'Summer Walker']","['6LuN9FCkKOj5PcnpouEgny', '57LYzLEk2LcFghVwuWbcuS']",1,1,False,0.679,0.408,4,-9.754,0,0.0882,0.133,0.00455,0.23,0.151,129.079,206080,4.0,2020,2020-05-01,0
2E7W1X4maFFcjHrVrFA7Vs,Bark at the Moon,Bark At The Moon (Expanded Edition),537qKeG5gbEvKJpQ4Qmszn,['Ozzy Osbourne'],['6ZLTlhejhndI4Rh53vYhrY'],1,1,False,0.303,0.961,9,-5.332999999999998,0,0.243,0.00253,6.2e-05,0.132,0.305,146.591,257120,4.0,1983,1983-12-10,0
1O8d2pWtBclzuY3FctBPVa,Closer,Only By The Night,5CZR6ljD0x9fTiS4mh9wMp,['Kings of Leon'],['2qk9voo8llSGYcZ6xrBzKx'],1,1,False,0.3979999999999999,0.768,11,-4.624,0,0.0392,0.469,2.02e-05,0.106,0.235,108.685,237480,5.0,2008,2008-09-23,0
7nnWIPM5hwE3DaUBkvOIpy,Drive,Make Yourself,2i6nd4FV6y7K9fln6eelmR,['Incubus'],['3YcBF2ttyueytpXtEzn1Za'],8,1,False,0.645,0.792,4,-7.34,0,0.036,0.0562,0.0121,0.119,0.6659999999999999,90.565,232453,4.0,1999,1999-10-26,0
2Q6k43GvLSKDG1PjtnSQO9,Lounge Fly - 2019 Remaster,Purple (2019 Remaster),57lcTrUlYgfMIPvBUsVU6h,['Stone Temple Pilots'],['2UazAtjfzqBF0Nho2awK4z'],3,1,True,0.4639999999999999,0.911,7,-8.639,1,0.0802,0.0236,0.0102,0.0998,0.42,159.341,319400,4.0,1994,1994-06-07,0
6qLEOZvf5gI7kWE63JE7p3,Interstate Love Song - 2019 Remaster,Purple (2019 Remaster),57lcTrUlYgfMIPvBUsVU6h,['Stone Temple Pilots'],['2UazAtjfzqBF0Nho2awK4z'],4,1,False,0.215,0.927,9,-7.327000000000001,1,0.0452,0.000273,0.0066099999999999,0.126,0.49,170.81400000000005,194853,4.0,1994,1994-06-07,0
0vDSbxxAm67GWHYueykkpc,Still Remains - 2019 Remaster,Purple (2019 Remaster),57lcTrUlYgfMIPvBUsVU6h,['Stone Temple Pilots'],['2UazAtjfzqBF0Nho2awK4z'],5,1,False,0.3779999999999999,0.912,2,-6.461,1,0.0433,0.00442,1.77e-06,0.0976,0.531,131.744,213360,4.0,1994,1994-06-07,0
2E6elGQS3KaKR7QdfzQXdP,Big Empty - 2019 Remaster,Purple (2019 Remaster),57lcTrUlYgfMIPvBUsVU6h,['Stone Temple Pilots'],['2UazAtjfzqBF0Nho2awK4z'],8,1,False,0.336,0.62,0,-9.976,1,0.0406,0.0293,0.0,0.124,0.283,121.683,294800,4.0,1994,1994-06-07,0
24U1h00cprjT12WiDL1YX8,Unglued - 2019 Remaster,Purple (2019 Remaster),57lcTrUlYgfMIPvBUsVU6h,['Stone Temple Pilots'],['2UazAtjfzqBF0Nho2awK4z'],9,1,False,0.441,0.985,9,-5.005,1,0.0645,0.000541,0.0036799999999999,0.135,0.364,146.02200000000005,154307,4.0,1994,1994-06-07,0
2DlHlPMa4M17kufBvI2lEN,Chop Suey!,Toxicity,6jWde94ln40epKIQCd8XUh,['System Of A Down'],['5eAWCfyUhZtHHtBdNk56l1'],6,1,False,0.419,0.934,7,-3.908,0,0.12,0.000278,0.0015,0.132,0.286,127.288,210240,4.0,2001,2001-09-04,1
0snQkGI5qnAmohLE7jTsTn,Toxicity,Toxicity,6jWde94ln40epKIQCd8XUh,['System Of A Down'],['5eAWCfyUhZtHHtBdNk56l1'],12,1,False,0.413,0.873,8,-4.151,1,0.0535,0.000264,0.0025,0.204,0.481,116.681,218933,3.0,2001,2001-09-04,1
69QHm3pustz01CJRwdo20z,Hells Bells,Back In Black,6mUdeDZCsExyJLMdAfDuwh,['AC/DC'],['711MCceyCBcFnzjGY4Q7Un'],1,1,False,0.389,0.873,4,-4.768,0,0.0475,0.00532,0.0055,0.273,0.303,106.767,312293,4.0,1980,1980-07-25,1
08mG3Y1vljYA6bvDt4Wqkj,Back In Black,Back In Black,6mUdeDZCsExyJLMdAfDuwh,['AC/DC'],['711MCceyCBcFnzjGY4Q7Un'],6,1,False,0.31,0.7,9,-5.678,1,0.047,0.011,0.00965,0.0828,0.763,188.386,255493,4.0,1980,1980-07-25,1
2SiXAy7TuUkycRVbbWDEpo,You Shook Me All Night Long,Back In Black,6mUdeDZCsExyJLMdAfDuwh,['AC/DC'],['711MCceyCBcFnzjGY4Q7Un'],7,1,False,0.532,0.767,7,-5.509,1,0.0574,0.0028699999999999,0.000513,0.39,0.755,127.361,210173,4.0,1980,1980-07-25,0
0aGQHMr7bc23Y9Ts84ffop,Around the World,Californication (Deluxe Edition),2Y9IRtehByVkegoD7TcLfi,['Red Hot Chili Peppers'],['0L8ExT028jH3ddEcZwqJJ5'],1,1,False,0.504,0.96,0,-1.464,1,0.183,0.00417,0.569,0.0613,0.774,96.682,238733,4.0,1999,1999-06-08,0
2FtX5tOFUVOyjcGQiuGR8f,"Damn Right, I've Got the Blues","Damn Right, I've Got The Blues",7IxnFL0kaVSqs9iy9qSqPj,['Buddy Guy'],['2gCsNOpiBaMNh20jQ5prf0'],1,1,False,0.353,0.921,2,-5.64,1,0.0758,0.0488,0.065,0.314,0.526,145.589,271653,3.0,1991,1991,0
3FR2w9O5i9q3unY3gyjq6E,Through The Mists Of Time,POWER UP,3bTNxJYk2bwdWBMtrjBxb0,['AC/DC'],['711MCceyCBcFnzjGY4Q7Un'],4,1,False,0.57,0.753,9,-5.98,1,0.0365,1.62e-06,0.627,0.133,0.477,119.99,212227,4.0,2020,2020-11-13,0
4fPBB44eDH71YohayI4eKV,You Only Live Once,First Impressions Of Earth,1HQ61my1h3VWp2EBWKlp0n,['The Strokes'],['0epOFNiUfyON9EYx7Tpr6V'],1,1,False,0.63,0.908,11,-2.42,1,0.0326,0.0238,0.5920000000000001,0.1159999999999999,0.968,120.522,189227,4.0,2006,2006-01-03,0
59WN2psjkt1tyaxjspN8fp,Killing In The Name,Rage Against The Machine - XX (20th Anniversary Special Edition),4Io5vWtmV1rFj4yirKb4y4,['Rage Against The Machine'],['2d0hyoQ5ynDBnkvAbJKORj'],2,1,True,0.466,0.833,7,-4.215,1,0.304,0.0266,0.0,0.0327,0.6609999999999999,88.785,313573,4.0,1992,1992,1
25CbtOzU8Pn17SAaXFjIR3,Take The Power Back,Rage Against The Machine - XX (20th Anniversary Special Edition),4Io5vWtmV1rFj4yirKb4y4,['Rage Against The Machine'],['2d0hyoQ5ynDBnkvAbJKORj'],3,1,True,0.62,0.912,1,-4.011,1,0.221,0.0728,7.15e-05,0.249,0.291,106.236,336440,4.0,1992,1992,1
